Date,Close,Daily_Return
2012-10-01,1444.49,0.0
2012-10-02,1445.75,0.0008722801819327497
2012-10-03,1450.99,0.0036244163928755846
2012-10-04,1461.4,0.007174411953218218
2012-10-05,1460.93,-0.00032160941562886514
2012-10-08,1455.88,-0.0034567022376157386
2012-10-09,1441.48,-0.009890925076242563
2012-10-10,1432.56,-0.006188084468740529
2012-10-11,1432.84,0.0001954542916178248
2012-10-12,1428.59,-0.002966137182099926
2012-10-15,1440.13,0.00807789498736522
2012-10-16,1454.92,0.010269906189024569
2012-10-17,1460.91,0.004117064855799546
2012-10-18,1457.34,-0.002443682362363253
2012-10-19,1433.19,-0.01657128741405567
2012-10-22,1433.82,0.0004395788416049484
2012-10-23,1413.11,-0.014443932990194086
2012-10-24,1408.75,-0.0030853932107195448
2012-10-25,1412.97,0.002995563442768523
2012-10-26,1411.94,-0.0007289609828942112
2012-10-31,1412.16,0.00015581398642994237
2012-11-01,1427.59,0.010926523906639396
2012-11-02,1414.2,-0.00937944367780652
2012-11-05,1417.26,0.0021637675010606205
2012-11-06,1428.39,0.00785318149104608
2012-11-07,1394.53,-0.023705010536338222
2012-11-08,1377.51,-0.012204828867073525
2012-11-09,1379.85,0.0016987172506914838
2012-11-12,1380.03,0.0001304489618436655
2012-11-13,1374.53,-0.003985420606798407
2012-11-14,1355.49,-0.013852007595323457
2012-11-15,1353.33,-0.0015935196866078138
2012-11-16,1359.88,0.004839913398801521
2012-11-19,1386.89,0.01986204665117519
2012-11-20,1387.81,0.0006633547000842732
2012-11-21,1391.03,0.0023202023331725385
2012-11-23,1409.15,0.01302631862720438
2012-11-26,1406.29,-0.0020295923074195032
2012-11-27,1398.94,-0.005226518001265723
2012-11-28,1409.93,0.007855948074971142
2012-11-29,1415.95,0.004269715517791761
2012-11-30,1416.18,0.000162435114234194
2012-12-03,1409.46,-0.0047451595136212
2012-12-04,1407.05,-0.0017098747037873618
2012-12-05,1409.28,0.0015848761593404426
2012-12-06,1413.94,0.003306653042688623
2012-12-07,1418.07,0.002920916021896147
2012-12-10,1418.55,0.00033848822695636827
2012-12-11,1427.84,0.0065489408198511345
2012-12-12,1428.48,0.00044822949350065144
2012-12-13,1419.45,-0.006321404569892497
2012-12-14,1413.58,-0.0041354045581035725
2012-12-17,1430.36,0.011870569759051541
2012-12-18,1446.79,0.01148661875332091
2012-12-19,1435.81,-0.007589214744365136
2012-12-20,1443.69,0.0054881913345081745
2012-12-21,1430.15,-0.009378744744370282
2012-12-24,1426.66,-0.0024403034646715005
2012-12-26,1419.83,-0.004787405548624113
2012-12-27,1418.1,-0.0012184557306156307
2012-12-28,1402.43,-0.011049996474155499
2012-12-31,1426.19,0.01694202206170714
2013-01-02,1462.42,0.02540334738008254
2013-01-03,1459.37,-0.0020855841687067445
2013-01-04,1466.47,0.004865113028224677
2013-01-07,1461.89,-0.0031231460582213932
2013-01-08,1457.15,-0.0032423780174979377
2013-01-09,1461.02,0.0026558693339737705
2013-01-10,1472.12,0.007597431931116505
2013-01-11,1472.05,-4.755047142890323e-05
2013-01-14,1470.68,-0.0009306749091402278
2013-01-15,1472.34,0.0011287295672748332
2013-01-16,1472.63,0.00019696537484570342
2013-01-17,1480.94,0.00564296530696784
2013-01-18,1485.98,0.0034032438856401726
2013-01-22,1492.56,0.004428054213380994
2013-01-23,1494.81,0.0015074770863483522
2013-01-24,1494.82,6.689813421001389e-06
2013-01-25,1502.96,0.005445471695588733
2013-01-28,1500.18,-0.0018496832916378159
2013-01-29,1507.84,0.0051060539401937
2013-01-30,1501.96,-0.003899617996604321
2013-01-31,1498.11,-0.0025633172654399017
2013-02-01,1513.17,0.010052666359613216
2013-02-04,1495.71,-0.011538690299173315
2013-02-05,1511.29,0.01041645773579103
2013-02-06,1512.12,0.0005491996903306262
2013-02-07,1509.39,-0.0018054122688674346
2013-02-08,1517.93,0.005657914786768137
2013-02-11,1517.01,-0.0006060885548082595
2013-02-12,1519.43,0.0015952432745993672
2013-02-13,1520.33,0.0005923273859276268
2013-02-14,1521.38,0.0006906395322070491
2013-02-15,1519.79,-0.0010451037873510094
2013-02-19,1530.94,0.007336539916699136
2013-02-20,1511.95,-0.01240414385932831
2013-02-21,1502.42,-0.0063031184893680425
2013-02-22,1515.6,0.008772513677932858
2013-02-25,1487.85,-0.018309580364212152
2013-02-26,1496.94,0.006109486843431933
2013-02-27,1515.99,0.012725960960359162
2013-02-28,1514.68,-0.000864121794998618
2013-03-01,1518.2,0.002323923204901268
2013-03-04,1525.2,0.004610723224871549
2013-03-05,1539.79,0.009565958562811394
2013-03-06,1541.46,0.0010845634794356407
2013-03-07,1544.26,0.0018164597200056587
2013-03-08,1551.18,0.004481110693795198
2013-03-11,1556.22,0.00324913936487059
2013-03-12,1552.48,-0.0024032591792934044
2013-03-13,1554.52,0.0013140265897144676
2013-03-14,1563.23,0.005603015721894922
2013-03-15,1560.7,-0.0016184438630272302
2013-03-18,1552.1,-0.005510347920804848
2013-03-19,1548.34,-0.002422524321886499
2013-03-20,1558.71,0.006697495382151253
2013-03-21,1545.8,-0.008282490007762933
2013-03-22,1556.89,0.007174278690645686
2013-03-25,1551.69,-0.0033399919069426742
2013-03-26,1563.77,0.007785060160212298
2013-03-27,1562.85,-0.0005883218120312783
2013-03-28,1569.19,0.004056691301148607
2013-04-01,1562.17,-0.0044736456388327905
2013-04-02,1570.25,0.005172292388152311
2013-04-03,1553.69,-0.010546091386721801
2013-04-04,1559.98,0.004048426648816772
2013-04-05,1553.28,-0.004294926858036674
2013-04-08,1563.07,0.006302791512154959
2013-04-09,1568.61,0.003544307036792871
2013-04-10,1587.73,0.012189135604133705
2013-04-11,1593.37,0.003552241250086574
2013-04-12,1588.85,-0.0028367548027137257
2013-04-15,1552.36,-0.02296629637788339
2013-04-16,1574.57,0.014307248318689014
2013-04-17,1552.01,-0.01432772121912651
2013-04-18,1541.61,-0.006700987751367626
2013-04-19,1555.25,0.008847892787410716
2013-04-22,1562.5,0.004661629963028435
2013-04-23,1578.78,0.010419200000000073
2013-04-24,1578.79,6.3340047378179776e-06
2013-04-25,1585.16,0.004034735461967864
2013-04-26,1582.24,-0.0018420853415428429
2013-04-29,1593.61,0.007186014763878923
2013-04-30,1597.57,0.0024849241658875254
2013-05-01,1582.7,-0.009307886352397654
2013-05-02,1597.59,0.009407973715801932
2013-05-03,1614.42,0.010534617768013232
2013-05-06,1617.5,0.00190780589933226
2013-05-07,1625.96,0.005230293663060381
2013-05-08,1632.69,0.004139093212625067
2013-05-09,1626.67,-0.0036871665778561713
2013-05-10,1633.7,0.004321712455507276
2013-05-13,1633.77,4.284752402528014e-05
2013-05-14,1650.34,0.01014218647667664
2013-05-15,1658.78,0.005114097701079734
2013-05-16,1650.47,-0.005009705928453401
2013-05-17,1667.47,0.01030009633619522
2013-05-20,1666.29,-0.0007076589084061835
2013-05-21,1669.16,0.001722389259972923
2013-05-22,1655.35,-0.008273622660500024
2013-05-23,1650.51,-0.0029238529616092412
2013-05-24,1649.6,-0.0005513447358695966
2013-05-28,1660.06,0.006340931134820593
2013-05-29,1648.36,-0.007047938026336409
2013-05-30,1654.41,0.0036703147370720224
2013-05-31,1630.74,-0.014307215261029627
2013-06-03,1640.42,0.005935955455805386
2013-06-04,1631.38,-0.005510783823654886
2013-06-05,1608.9,-0.013779744755973433
2013-06-06,1622.56,0.008490272857231584
2013-06-07,1643.38,0.012831574795385103
2013-06-10,1642.81,-0.0003468461341870066
2013-06-11,1626.13,-0.010153334834825611
2013-06-12,1612.52,-0.008369564548959874
2013-06-13,1636.36,0.014784312752710083
2013-06-14,1626.73,-0.0058850130778067555
2013-06-17,1639.04,0.007567328321233413
2013-06-18,1651.81,0.007791146036704388
2013-06-19,1628.93,-0.01385147202160053
2013-06-20,1588.19,-0.025010282823694108
2013-06-21,1592.43,0.002669705765683039
2013-06-24,1573.09,-0.012144960846002695
2013-06-25,1588.03,0.009497231563356134
2013-06-26,1603.26,0.00959049892004571
2013-06-27,1613.2,0.006199867769419942
2013-06-28,1606.28,-0.004289610711629144
2013-07-01,1614.96,0.0054037901237642405
2013-07-02,1614.08,-0.0005449051369693647
2013-07-03,1615.41,0.0008239988104679075
2013-07-05,1631.89,0.010201744448777639
2013-07-08,1640.46,0.005251579456948763
2013-07-09,1652.32,0.007229679480145856
2013-07-10,1652.62,0.00018156289338633336
2013-07-11,1675.02,0.013554235093367062
2013-07-12,1680.19,0.0030865303100859887
2013-07-15,1682.5,0.0013748445116326113
2013-07-16,1676.26,-0.0037087667161961324
2013-07-17,1680.91,0.0027740326679632776
2013-07-18,1689.37,0.005032988083835344
2013-07-19,1692.09,0.0016100676583579165
2013-07-22,1695.53,0.00203298878901248
2013-07-23,1692.39,-0.0018519283056034341
2013-07-24,1685.94,-0.0038111782745112732
2013-07-25,1690.25,0.002556437358387509
2013-07-26,1691.65,0.0008282798402603486
2013-07-29,1685.33,-0.0037359973989892215
2013-07-30,1685.96,0.0003738140304867521
2013-07-31,1685.73,-0.00013642079290143716
2013-08-01,1706.87,0.01254056106256618
2013-08-02,1709.67,0.0016404295581973205
2013-08-05,1707.14,-0.001479817742605305
2013-08-06,1697.37,-0.005723022130581068
2013-08-07,1690.91,-0.003805887932507246
2013-08-08,1697.48,0.0038854817819991005
2013-08-09,1691.42,-0.003569997879209197
2013-08-12,1689.47,-0.0011528774639061323
2013-08-13,1694.16,0.0027760185146821215
2013-08-14,1685.39,-0.005176606695943664
2013-08-15,1661.32,-0.01428156094435129
2013-08-16,1655.83,-0.003304601160523002
2013-08-19,1646.06,-0.005900364167819139
2013-08-20,1652.35,0.0038212458841111463
2013-08-21,1642.8,-0.005779647169183222
2013-08-22,1656.96,0.008619430241051829
2013-08-23,1663.5,0.003946987253765855
2013-08-26,1656.78,-0.004039675383228136
2013-08-27,1630.48,-0.01587416555004284
2013-08-28,1634.96,0.002747657131642267
2013-08-29,1638.17,0.0019633507853402676
2013-08-30,1632.97,-0.003174273732274413
2013-09-03,1639.77,0.00416419162630044
2013-09-04,1653.08,0.008116992017173086
2013-09-05,1655.08,0.0012098628015582147
2013-09-06,1655.17,5.437803610708336e-05
2013-09-09,1671.71,0.00999293123969136
2013-09-10,1683.99,0.0073457716948512886
2013-09-11,1689.13,0.0030522746572130277
2013-09-12,1683.42,-0.00338043845056335
2013-09-13,1687.99,0.002714711717812568
2013-09-16,1697.6,0.0056931616893465264
2013-09-17,1704.76,0.004217719132893594
2013-09-18,1725.52,0.01217766723761704
2013-09-19,1722.34,-0.0018429227131532278
2013-09-20,1709.91,-0.007216925810234809
2013-09-23,1701.84,-0.0047195466428058275
2013-09-24,1697.42,-0.0025971889249282176
2013-09-25,1692.77,-0.0027394516383688616
2013-09-26,1698.67,0.0034854114853171136
2013-09-27,1691.75,-0.004073775365432963
2013-09-30,1681.55,-0.006029259642382212
2013-10-01,1695.0,0.007998572745383736
2013-10-02,1693.87,-0.0006666666666667043
2013-10-03,1678.66,-0.008979437619179631
2013-10-04,1690.5,0.007053244850058871
2013-10-07,1676.12,-0.008506359065365343
2013-10-08,1655.45,-0.012332052597665899
2013-10-09,1656.4,0.0005738620918782633
2013-10-10,1692.56,0.0218304757304999
2013-10-11,1703.2,0.006286335491799466
2013-10-14,1710.14,0.004074682949741781
2013-10-15,1698.06,-0.007063749166735023
2013-10-16,1721.54,0.013827544374168221
2013-10-17,1733.15,0.006743961801642717
2013-10-18,1744.5,0.00654876958139794
2013-10-21,1744.66,9.17168243050881e-05
2013-10-22,1754.67,0.0057375075946028975
2013-10-23,1746.38,-0.0047245350977676015
2013-10-24,1752.07,0.003258168325335653
2013-10-25,1759.77,0.004394801577562557
2013-10-28,1762.11,0.0013297192246712886
2013-10-29,1771.95,0.0055842143793520815
2013-10-30,1763.31,-0.004875984085329743
2013-10-31,1756.54,-0.0038393702752210768
2013-11-01,1761.64,0.0029034351623078436
2013-11-04,1767.93,0.003570536545491665
2013-11-05,1762.97,-0.0028055409433631606
2013-11-06,1770.49,0.004265529192215345
2013-11-07,1747.15,-0.013182791204694677
2013-11-08,1770.61,0.013427582062215393
2013-11-11,1771.89,0.000722914701713151
2013-11-12,1767.69,-0.0023703503039127494
2013-11-13,1782.0,0.008095310829387525
2013-11-14,1790.62,0.0048372615039280475
2013-11-15,1798.18,0.004222001317979451
2013-11-18,1791.53,-0.003698183719093806
2013-11-19,1787.87,-0.0020429465317355344
2013-11-20,1781.37,-0.003635611090291757
2013-11-21,1795.85,0.008128575197741128
2013-11-22,1804.76,0.00496143887295708
2013-11-25,1802.48,-0.0012633258715840645
2013-11-26,1802.75,0.00014979361768219235
2013-11-27,1807.23,0.0024850922202190873
2013-11-29,1805.81,-0.000785732861893651
2013-12-02,1800.9,-0.0027190014453346567
2013-12-03,1795.15,-0.0031928480204341803
2013-12-04,1792.81,-0.001303512241316973
2013-12-05,1785.03,-0.004339556338931572
2013-12-06,1805.09,0.011237906365719308
2013-12-09,1808.37,0.001817083912713402
2013-12-10,1802.62,-0.0031796590299552063
2013-12-11,1782.22,-0.011316861013413781
2013-12-12,1775.5,-0.0037705782675540034
2013-12-13,1775.32,-0.0001013798929879739
2013-12-16,1786.54,0.006319987382556347
2013-12-17,1781.0,-0.0031009661132691546
2013-12-18,1810.65,0.01664795058955648
2013-12-19,1809.6,-0.0005799022450502234
2013-12-20,1818.32,0.004818744473916947
2013-12-23,1827.99,0.005318095824717428
2013-12-24,1833.32,0.0029157708740199517
2013-12-26,1842.02,0.004745489058102237
2013-12-27,1841.4,-0.0003365870077414179
2013-12-30,1841.07,-0.00017921146953414624
2013-12-31,1848.36,0.003959653896918658
2014-01-02,1831.98,-0.008861910017529007
2014-01-03,1831.37,-0.000332973067391662
2014-01-06,1826.77,-0.0025117807979817552
2014-01-07,1837.88,0.006081772746432401
2014-01-08,1837.49,-0.0002122010142120434
2014-01-09,1838.13,0.00034830121524476176
2014-01-10,1842.37,0.0023066921273249275
2014-01-13,1819.2,-0.01257619262146037
2014-01-14,1838.88,0.010817941952506738
2014-01-15,1848.38,0.005166188114504422
2014-01-16,1845.89,-0.001347125591058096
2014-01-17,1838.7,-0.0038951400137603454
2014-01-21,1843.8,0.002773698808941072
2014-01-22,1844.86,0.0005748996637378045
2014-01-23,1828.46,-0.008889563435707792
2014-01-24,1790.29,-0.020875490850223777
2014-01-27,1781.56,-0.0048763049561803
2014-01-28,1792.5,0.006140685691192083
2014-01-29,1774.2,-0.010209205020920487
2014-01-30,1794.19,0.011267049938000318
2014-01-31,1782.59,-0.00646531303819553
2014-02-03,1741.89,-0.02283194677407585
2014-02-04,1755.2,0.00764112544420148
2014-02-05,1751.64,-0.0020282588878759444
2014-02-06,1773.43,0.01243977072914526
2014-02-07,1797.02,0.013301906475022829
2014-02-10,1799.84,0.0015692646715117498
2014-02-11,1819.75,0.011062094408391898
2014-02-12,1819.26,-0.0002692677565599988
2014-02-13,1829.83,0.005810054637599871
2014-02-14,1838.63,0.004809189924747104
2014-02-18,1840.76,0.0011584712530525731
2014-02-19,1828.75,-0.006524479019535456
2014-02-20,1839.78,0.006031442241968499
2014-02-21,1836.25,-0.0019187076715694307
2014-02-24,1847.61,0.006186521443158455
2014-02-25,1845.12,-0.0013476870118693807
2014-02-26,1845.16,2.167880679859735e-05
2014-02-27,1854.29,0.004948080383272879
2014-02-28,1859.45,0.00278273624945391
2014-03-03,1845.73,-0.007378525908198652
2014-03-04,1873.91,0.01526767186966671
2014-03-05,1873.81,-5.336435581226873e-05
2014-03-06,1877.03,0.0017184239597398676
2014-03-07,1878.04,0.0005380841009468007
2014-03-10,1877.17,-0.00046324891908577914
2014-03-11,1867.63,-0.0050821182950930854
2014-03-12,1868.2,0.00030519963804387373
2014-03-13,1846.34,-0.011701102665667595
2014-03-14,1841.13,-0.0028217988019539897
2014-03-17,1858.83,0.009613661175473576
2014-03-18,1872.25,0.007219595121662481
2014-03-19,1860.77,-0.006131659767659281
2014-03-20,1872.01,0.006040510111405606
2014-03-21,1866.52,-0.0029326766416846173
2014-03-24,1857.44,-0.004864667938195066
2014-03-25,1865.62,0.004403910758893792
2014-03-26,1852.56,-0.007000353769792356
2014-03-27,1849.04,-0.0019000734119272167
2014-03-28,1857.62,0.004640245749145455
2014-03-31,1872.34,0.007924117957386345
2014-04-01,1885.52,0.007039319781663611
2014-04-02,1890.9,0.002853324281895775
2014-04-03,1888.77,-0.0011264477233063896
2014-04-04,1865.09,-0.012537259698110481
2014-04-07,1845.04,-0.010750151467221358
2014-04-08,1851.96,0.003750596193036415
2014-04-09,1872.18,0.010918162379317087
2014-04-10,1833.08,-0.020884743988291765
2014-04-11,1815.69,-0.009486765443952216
2014-04-14,1830.61,0.008217261757238248
2014-04-15,1842.98,0.006757310404728489
2014-04-16,1862.31,0.01048844805695115
2014-04-17,1864.85,0.0013638975251166752
2014-04-21,1871.89,0.0037751025551653328
2014-04-22,1879.55,0.004092120797696275
2014-04-23,1875.39,-0.0022132957356812977
2014-04-24,1878.61,0.0017169762022830604
2014-04-25,1863.4,-0.008096411708656825
2014-04-28,1869.43,0.00323602017816893
2014-04-29,1878.33,0.004760809444589897
2014-04-30,1883.95,0.0029920195066894806
2014-05-01,1883.68,-0.00014331590541150074
2014-05-02,1881.14,-0.0013484243608256063
2014-05-05,1884.66,0.0018712057582104258
2014-05-06,1867.72,-0.008988358642938232
2014-05-07,1878.21,0.005616473561347535
2014-05-08,1875.63,-0.001373648314086262
2014-05-09,1878.48,0.0015194894515442314
2014-05-12,1896.65,0.009672714109279834
2014-05-13,1897.45,0.00042179632509942167
2014-05-14,1888.53,-0.0047010461408732995
2014-05-15,1870.85,-0.009361778737960291
2014-05-16,1877.86,0.0037469599379960083
2014-05-19,1885.09,0.0038501272725335323
2014-05-20,1872.83,-0.0065036682598709206
2014-05-21,1888.03,0.008116059653038521
2014-05-22,1892.49,0.002362250599831528
2014-05-23,1900.53,0.00424837119350685
2014-05-27,1911.91,0.005987803402208947
2014-05-28,1909.78,-0.0011140691768964928
2014-05-29,1920.03,0.005367110347788806
2014-05-30,1923.57,0.0018437211918562735
2014-06-02,1924.97,0.0007278133886472471
2014-06-03,1924.24,-0.0003792266892471696
2014-06-04,1927.88,0.00189165592649565
2014-06-05,1940.46,0.006525302404714051
2014-06-06,1949.44,0.0046277686734073065
2014-06-09,1951.27,0.0009387311227839756
2014-06-10,1950.79,-0.0002459936349147318
2014-06-11,1943.89,-0.0035370285884179786
2014-06-12,1930.11,-0.007088878485922656
2014-06-13,1936.16,0.0031345363735746368
2014-06-16,1937.78,0.0008367077101065767
2014-06-17,1941.99,0.0021725892516177847
2014-06-18,1956.98,0.007718886297045868
2014-06-19,1959.48,0.0012774785639098063
2014-06-20,1962.87,0.0017300508298119244
2014-06-23,1962.61,-0.0001324591032518807
2014-06-24,1949.98,-0.006435308084642322
2014-06-25,1959.53,0.0048974861280628446
2014-06-26,1957.22,-0.0011788541129760244
2014-06-27,1960.96,0.0019108735860047243
2014-06-30,1960.23,-0.0003722666449086365
2014-07-01,1973.32,0.006677787810614122
2014-07-02,1974.62,0.0006587882350557184
2014-07-03,1985.44,0.005479535302995053
2014-07-07,1977.65,-0.003923563542590047
2014-07-08,1963.71,-0.0070487700048037505
2014-07-09,1972.83,0.004644270284308805
2014-07-10,1964.68,-0.004131121282624384
2014-07-11,1967.57,0.001470977461978551
2014-07-14,1977.1,0.004843537968153511
2014-07-15,1973.28,-0.0019321228061301987
2014-07-16,1981.57,0.0042011270574879855
2014-07-17,1958.12,-0.011834050777918548
2014-07-18,1978.22,0.01026494801135791
2014-07-21,1973.63,-0.0023202677154209317
2014-07-22,1983.53,0.005016137776584273
2014-07-23,1987.01,0.0017544478782776096
2014-07-24,1987.98,0.00048817066849182744
2014-07-25,1978.34,-0.004849143351542851
2014-07-28,1978.91,0.0002881203433182655
2014-07-29,1969.95,-0.004527745071781997
2014-07-30,1970.07,6.091525165596856e-05
2014-07-31,1930.67,-0.019999289365352446
2014-08-01,1925.15,-0.0028591110857888458
2014-08-04,1938.99,0.007189050203880276
2014-08-05,1920.21,-0.009685454798632254
2014-08-06,1920.24,1.56232912025267e-05
2014-08-07,1909.57,-0.005556597092030158
2014-08-08,1931.59,0.011531391884036735
2014-08-11,1936.92,0.0027593847555642537
2014-08-12,1933.75,-0.001636618962063574
2014-08-13,1946.72,0.006707175177763425
2014-08-14,1955.18,0.004345771348730265
2014-08-15,1955.06,-6.137542323469969e-05
2014-08-18,1971.74,0.00853170746677856
2014-08-19,1981.6,0.005000659316136913
2014-08-20,1986.51,0.002477795720629894
2014-08-21,1992.37,0.002949897055640305
2014-08-22,1988.4,-0.0019926017757744274
2014-08-25,1997.92,0.004787769060551117
2014-08-26,2000.02,0.0010510931368623577
2014-08-27,2000.12,4.999950000494913e-05
2014-08-28,1996.74,-0.0016898986060835952
2014-08-29,2003.37,0.0033204122720034146
2014-09-02,2002.28,-0.0005440832197746159
2014-09-03,2000.72,-0.0007791118125336505
2014-09-04,1997.65,-0.0015344475988643413
2014-09-05,2007.71,0.005035917202713236
2014-09-08,2001.54,-0.0030731529952034986
2014-09-09,1988.44,-0.006544960380507003
2014-09-10,1995.69,0.0036460743095090287
2014-09-11,1997.45,0.0008819004955680221
2014-09-12,1985.54,-0.005962602317955423
2014-09-15,1984.13,-0.0007101342707775959
2014-09-16,1998.98,0.007484388623729243
2014-09-17,2001.57,0.0012956607870013848
2014-09-18,2011.36,0.004891160439055353
2014-09-19,2010.4,-0.00047728899848853423
2014-09-22,1994.29,-0.008013330680461617
2014-09-23,1982.77,-0.005776491884329715
2014-09-24,1998.3,0.007832476787524412
2014-09-25,1965.99,-0.0161687434319171
2014-09-26,1982.85,0.008575832023560492
2014-09-29,1977.8,-0.002546839145674107
2014-09-30,1972.29,-0.002785923753665709
2014-10-01,1946.16,-0.013248558781923436
2014-10-02,1946.17,5.138323673214984e-06
2014-10-03,1967.9,0.011165519969992266
2014-10-06,1964.82,-0.0015651201788710045
2014-10-07,1935.1,-0.015126067527814313
2014-10-08,1968.89,0.017461629889928165
2014-10-09,1928.21,-0.020661387888607274
2014-10-10,1906.13,-0.011451034897651202
2014-10-13,1874.74,-0.016467921915084505
2014-10-14,1877.7,0.0015788856054705924
2014-10-15,1862.49,-0.008100335516855739
2014-10-16,1862.76,0.0001449672213005293
2014-10-17,1886.76,0.01288410745345625
2014-10-20,1904.01,0.009142657253704778
2014-10-21,1941.28,0.019574477024805637
2014-10-22,1927.11,-0.0072993076732877915
2014-10-23,1950.82,0.012303397315150733
2014-10-24,1964.58,0.007053444192698377
2014-10-27,1961.63,-0.0015015932158526368
2014-10-28,1985.05,0.01193905068743839
2014-10-29,1982.3,-0.001385355532606214
2014-10-30,1994.65,0.006230136709882483
2014-10-31,2018.05,0.01173138144536634
2014-11-03,2017.81,-0.00011892668665292039
2014-11-04,2012.1,-0.0028298006254305896
2014-11-05,2023.57,0.005700511902986927
2014-11-06,2031.21,0.003775505665729373
2014-11-07,2031.92,0.0003495453448929542
2014-11-10,2038.26,0.0031202015827394014
2014-11-11,2039.68,0.0006966726521642208
2014-11-12,2038.25,-0.0007010903671164082
2014-11-13,2039.33,0.0005298663068808995
2014-11-14,2039.82,0.00024027499227696758
2014-11-17,2041.32,0.000735359002264957
2014-11-18,2051.8,0.005133932945349251
2014-11-19,2048.72,-0.0015011209669559822
2014-11-20,2052.75,0.001967081885274835
2014-11-21,2063.5,0.0052368773596394025
2014-11-24,2069.41,0.0028640659074388175
2014-11-25,2067.03,-0.0011500862564690628
2014-11-26,2072.83,0.002805958307329659
2014-11-28,2067.56,-0.002542417853852008
2014-12-01,2053.44,-0.006829306041904459
2014-12-02,2066.55,0.006384408602150504
2014-12-03,2074.33,0.003764728654036764
2014-12-04,2071.92,-0.001161820925310808
2014-12-05,2075.37,0.0016651222054904213
2014-12-08,2060.31,-0.0072565373885138396
2014-12-09,2059.82,-0.0002378282879760274
2014-12-10,2026.14,-0.016350943286306596
2014-12-11,2035.33,0.004535718163601654
2014-12-12,2002.33,-0.016213586985894146
2014-12-15,1989.63,-0.006342610858349973
2014-12-16,1972.74,-0.008489015545603995
2014-12-17,2012.89,0.020352403256384655
2014-12-18,2061.23,0.024015221894887473
2014-12-19,2070.65,0.0045700867928373246
2014-12-22,2078.54,0.0038103977012049484
2014-12-23,2082.17,0.001746418158899976
2014-12-24,2081.88,-0.00013927777270827946
2014-12-26,2088.77,0.0033095087132783974
2014-12-29,2090.57,0.0008617511741360051
2014-12-30,2080.35,-0.004888618893411967
2014-12-31,2058.9,-0.010310765015502099
2015-01-02,2058.2,-0.0003399873718977764
2015-01-05,2020.58,-0.018278107083859685
2015-01-06,2002.61,-0.008893486028764053
2015-01-07,2025.9,0.011629823080879564
2015-01-08,2062.14,0.017888345920331616
2015-01-09,2044.81,-0.008403891103416772
2015-01-12,2028.26,-0.008093661513783657
2015-01-13,2023.03,-0.0025785648782700177
2015-01-14,2011.27,-0.005813062584341333
2015-01-15,1992.67,-0.00924788815027322
2015-01-16,2019.42,0.013424199691870697
2015-01-20,2022.55,0.0015499499856392873
2015-01-21,2032.12,0.004731650639044682
2015-01-22,2063.15,0.01526976753341347
2015-01-23,2051.82,-0.005491602646438665
2015-01-26,2057.09,0.002568451423614171
2015-01-27,2029.55,-0.0133878439932138
2015-01-28,2002.16,-0.013495602473454604
2015-01-29,2021.25,0.009534702521277083
2015-01-30,1994.99,-0.012991960420531856
2015-02-02,2020.85,0.0129624709898295
2015-02-03,2050.03,0.01443946854046585
2015-02-04,2041.51,-0.004156036740925795
2015-02-05,2062.52,0.010291401952476242
2015-02-06,2055.47,-0.0034181486724977894
2015-02-09,2046.74,-0.004247203802536514
2015-02-10,2068.59,0.010675513255225422
2015-02-11,2068.53,-2.9005264455483903e-05
2015-02-12,2088.48,0.009644530173601451
2015-02-13,2096.99,0.004074733777675421
2015-02-17,2100.34,0.0015975278852071728
2015-02-18,2099.68,-0.00031423483816916953
2015-02-19,2097.45,-0.0010620666006249113
2015-02-20,2110.3,0.0061264869245991616
2015-02-23,2109.66,-0.0003032744159600087
2015-02-24,2115.48,0.002758738374904146
2015-02-25,2113.86,-0.0007657836519371353
2015-02-26,2110.74,-0.0014759728648067183
2015-02-27,2104.5,-0.002956309161715742
2015-03-02,2117.39,0.0061249703017343116
2015-03-03,2107.78,-0.004538606491954589
2015-03-04,2098.53,-0.0043885035440131
2015-03-05,2101.04,0.0011960753479816066
2015-03-06,2071.26,-0.014173932909416154
2015-03-09,2079.43,0.003944458928381467
2015-03-10,2044.16,-0.016961378839393415
2015-03-11,2040.24,-0.0019176581089542788
2015-03-12,2065.95,0.012601458651923192
2015-03-13,2053.4,-0.006074687189912553
2015-03-16,2081.19,0.01353365150482122
2015-03-17,2074.28,-0.003320215838054086
2015-03-18,2099.5,0.012158435698169878
2015-03-19,2089.27,-0.004872588711598014
2015-03-20,2108.1,0.009012717360609157
2015-03-23,2104.42,-0.0017456477396706749
2015-03-24,2091.5,-0.006139458853270718
2015-03-25,2061.05,-0.014558928998326448
2015-03-26,2056.15,-0.0023774289803740745
2015-03-27,2061.02,0.002368504243367431
2015-03-30,2086.24,0.012236659518102488
2015-03-31,2067.89,-0.008795728200015285
2015-04-01,2059.69,-0.003965394677666545
2015-04-02,2066.96,0.0035296573756244953
2015-04-06,2080.62,0.006608739404729613
2015-04-07,2076.33,-0.0020618853995443276
2015-04-08,2081.9,0.0026826178882932705
2015-04-09,2091.18,0.004457466737115112
2015-04-10,2102.06,0.005202804158417784
2015-04-13,2092.43,-0.004581220326727142
2015-04-14,2095.84,0.0016296841471401535
2015-04-15,2106.63,0.005148293762882616
2015-04-16,2104.99,-0.0007784945624055295
2015-04-17,2081.18,-0.01131121763048748
2015-04-20,2100.4,0.009235145446333526
2015-04-21,2097.29,-0.0014806703485050754
2015-04-22,2107.96,0.00508751770141469
2015-04-23,2112.93,0.002357729748192483
2015-04-24,2117.69,0.00225279588060201
2015-04-27,2108.92,-0.004141304912428145
2015-04-28,2114.76,0.0027691899171140566
2015-04-29,2106.85,-0.003740377158637509
2015-04-30,2085.51,-0.010128865367728945
2015-05-01,2108.29,0.010922987662490113
2015-05-04,2114.49,0.0029407719051932624
2015-05-05,2089.46,-0.011837369767650707
2015-05-06,2080.15,-0.0044556966871822645
2015-05-07,2088.0,0.0037737663149290945
2015-05-08,2116.1,0.01345785440613012
2015-05-11,2105.33,-0.005089551533481451
2015-05-12,2099.12,-0.002949656348410934
2015-05-13,2098.48,-0.00030488966805131135
2015-05-14,2121.1,0.010779230681254859
2015-05-15,2122.73,0.0007684691905143204
2015-05-18,2129.2,0.003047961822747025
2015-05-19,2127.83,-0.0006434341536727395
2015-05-20,2125.85,-0.0009305254649102368
2015-05-21,2130.82,0.002337888374062347
2015-05-22,2126.06,-0.0022338817919862475
2015-05-26,2104.2,-0.01028192995494015
2015-05-27,2123.48,0.00916262712669913
2015-05-28,2120.79,-0.0012667884792887385
2015-05-29,2107.39,-0.006318400218786491
2015-06-01,2111.73,0.0020594194714789182
2015-06-02,2109.6,-0.0010086516742198182
2015-06-03,2114.07,0.0021188850967008843
2015-06-04,2095.84,-0.008623177094419732
2015-06-05,2092.83,-0.0014361783342240475
2015-06-08,2079.28,-0.00647448669982742
2015-06-09,2080.15,0.00041841406640763523
2015-06-10,2105.2,0.012042400788404573
2015-06-11,2108.86,0.001738552156564932
2015-06-12,2094.11,-0.006994300238043261
2015-06-15,2084.43,-0.004622488789987278
2015-06-16,2096.29,0.005689804886707783
2015-06-17,2100.44,0.001979687924857698
2015-06-18,2121.24,0.009902687056045245
2015-06-19,2109.99,-0.005303501725405946
2015-06-22,2122.85,0.006094815615239835
2015-06-23,2124.2,0.0006359375368019116
2015-06-24,2108.58,-0.0073533565577629245
2015-06-25,2102.31,-0.002973565148109092
2015-06-26,2101.49,-0.0003900471386237836
2015-06-29,2057.64,-0.020866147352592623
2015-06-30,2063.11,0.0026583853346553443
2015-07-01,2077.42,0.0069361304050681305
2015-07-02,2076.78,-0.0003080744384861278
2015-07-06,2068.76,-0.003861747512976854
2015-07-07,2081.34,0.006080937373112327
2015-07-08,2046.68,-0.016652733335255188
2015-07-09,2051.31,0.002262200246252455
2015-07-10,2076.62,0.012338456888524973
2015-07-13,2099.6,0.011066059269389639
2015-07-14,2108.96,0.004457991998475963
2015-07-15,2107.4,-0.0007397010848948504
2015-07-16,2124.29,0.008014615165606864
2015-07-17,2126.64,0.0011062519712468077
2015-07-20,2128.28,0.0007711695444458933
2015-07-21,2119.21,-0.0042616573007311365
2015-07-22,2114.15,-0.002387682202330099
2015-07-23,2102.15,-0.005676040016082129
2015-07-24,2079.65,-0.010703327545608099
2015-07-27,2067.64,-0.0057750102180655905
2015-07-28,2093.25,0.012386102029366963
2015-07-29,2108.57,0.007318762689597635
2015-07-30,2108.63,2.845530383144279e-05
2015-07-31,2103.84,-0.0022716171163267296
2015-08-03,2098.04,-0.002756863639820639
2015-08-04,2093.32,-0.0022497187851517886
2015-08-05,2099.84,0.003114669520188018
2015-08-06,2083.56,-0.007752971654983343
2015-08-07,2077.57,-0.0028748872122712488
2015-08-10,2104.18,0.012808232694927035
2015-08-11,2084.07,-0.009557167162504987
2015-08-12,2086.05,0.0009500640573494312
2015-08-13,2083.39,-0.0012751372210638712
2015-08-14,2091.54,0.0039118935964941315
2015-08-17,2102.44,0.005211470973541132
2015-08-18,2096.92,-0.0026255208234241545
2015-08-19,2079.61,-0.008254964424012301
2015-08-20,2035.73,-0.021100110116800797
2015-08-21,1970.89,-0.031850982202944356
2015-08-24,1893.21,-0.03941366590728046
2015-08-25,1867.61,-0.013522007595565322
2015-08-26,1940.51,0.03903384539598753
2015-08-27,1987.66,0.024297736162143035
2015-08-28,1988.87,0.0006087560246721413
2015-08-31,1972.18,-0.008391699809439435
2015-09-01,1913.85,-0.029576407832956453
2015-09-02,1948.86,0.018292969668469272
2015-09-03,1951.13,0.0011647835144650287
2015-09-04,1921.22,-0.015329578244401953
2015-09-08,1969.41,0.025083020164270664
2015-09-09,1942.04,-0.013897563229596788
2015-09-10,1952.29,0.005277955139955992
2015-09-11,1961.05,0.0044870382986135215
2015-09-14,1953.03,-0.0040896458529868784
2015-09-15,1978.09,0.012831344116577714
2015-09-16,1995.31,0.008705367298757816
2015-09-17,1990.2,-0.0025610055580335134
2015-09-18,1958.03,-0.016164204602552523
2015-09-21,1966.97,0.004565813598361723
2015-09-22,1942.74,-0.01231843902042229
2015-09-23,1938.76,-0.002048652933485662
2015-09-24,1932.24,-0.0033629742722152134
2015-09-25,1931.34,-0.0004657806483666649
2015-09-28,1881.77,-0.02566611782492978
2015-09-29,1884.09,0.0012328818080848958
2015-09-30,1920.03,0.0190755218699743
2015-10-01,1923.82,0.001973927490716232
2015-10-02,1951.36,0.014315268580220586
2015-10-05,1987.05,0.01828980813381431
2015-10-06,1979.92,-0.0035882338139452408
2015-10-07,1995.83,0.008035678209220576
2015-10-08,2013.43,0.008818386335509576
2015-10-09,2014.89,0.0007251307470337309
2015-10-12,2017.46,0.0012755038736604885
2015-10-13,2003.69,-0.006825414134604912
2015-10-14,1994.24,-0.004716298429397803
2015-10-15,2023.86,0.01485277599486512
2015-10-16,2033.11,0.004570474242289402
2015-10-19,2033.66,0.00027052151629769483
2015-10-20,2030.77,-0.001421083170244808
2015-10-21,2018.94,-0.005825376581296671
2015-10-22,2052.51,0.016627537222502875
2015-10-23,2075.15,0.011030396928638497
2015-10-26,2071.18,-0.0019131147145990957
2015-10-27,2065.89,-0.0025540995953997614
2015-10-28,2090.35,0.011839933394323987
2015-10-29,2089.41,-0.00044968545937285054
2015-10-30,2079.36,-0.0048099702786910115
2015-11-02,2104.05,0.011873845798707316
2015-11-03,2109.79,0.002728072051519481
2015-11-04,2102.31,-0.0035453765540646165
2015-11-05,2099.93,-0.0011320880364932284
2015-11-06,2099.2,-0.00034763063530685034
2015-11-09,2078.58,-0.00982278963414629
2015-11-10,2081.72,0.0015106466914911465
2015-11-11,2075.0,-0.0032280998405164185
2015-11-12,2045.97,-0.01399036144578314
2015-11-13,2023.04,-0.011207397957936904
2015-11-16,2053.19,0.014903313824738973
2015-11-17,2050.44,-0.0013393792099123392
2015-11-18,2083.58,0.016162384658902518
2015-11-19,2081.24,-0.0011230670288638889
2015-11-20,2089.17,0.0038102285176147
2015-11-23,2086.59,-0.0012349401915593416
2015-11-24,2089.14,0.0012220896294909966
2015-11-25,2088.87,-0.0001292397828771552
2015-11-27,2090.11,0.0005936223891387371
2015-11-30,2080.41,-0.004640904067250151
2015-12-01,2102.63,0.010680586999677999
2015-12-02,2079.51,-0.010995752937987158
2015-12-03,2049.62,-0.014373578391063457
2015-12-04,2091.69,0.020525755993794137
2015-12-07,2077.07,-0.00698956346303703
2015-12-08,2063.59,-0.006489911269239812
2015-12-09,2047.62,-0.007738940390290883
2015-12-10,2052.23,0.00225139430167709
2015-12-11,2012.37,-0.01942277425044958
2015-12-14,2021.94,0.00475558669628362
2015-12-15,2043.41,0.010618514891638675
2015-12-16,2073.07,0.014514952946300674
2015-12-17,2041.89,-0.015040495497016582
2015-12-18,2005.55,-0.017797236873680844
2015-12-21,2021.15,0.007778414898656383
2015-12-22,2038.97,0.008816762734086936
2015-12-23,2064.29,0.012418034595898853
2015-12-24,2060.99,-0.0015986125980361754
2015-12-28,2056.5,-0.0021785646703768036
2015-12-29,2078.36,0.010629710673474513
2015-12-30,2063.36,-0.007217228968994793
2015-12-31,2043.94,-0.009411833126550917
2016-01-04,2012.66,-0.01530377604039257
2016-01-05,2016.71,0.002012262379140095
2016-01-06,1990.26,-0.013115420660382515
2016-01-07,1943.09,-0.023700421050516063
2016-01-08,1922.03,-0.01083840686741222
2016-01-11,1923.67,0.0008532645172032449
2016-01-12,1938.68,0.007802793618448156
2016-01-13,1890.28,-0.024965440402748285
2016-01-14,1921.84,0.01669593922593471
2016-01-15,1880.33,-0.02159909253631931
2016-01-19,1881.33,0.0005318215419634065
2016-01-20,1859.33,-0.011693854879261001
2016-01-21,1868.99,0.005195419855539507
2016-01-22,1906.9,0.020283682630725774
2016-01-25,1877.08,-0.015637946405160252
2016-01-26,1903.63,0.014144309246276299
2016-01-27,1882.95,-0.010863455608495332
2016-01-28,1893.36,0.005528558910220527
2016-01-29,1940.24,0.02476021464486422
2016-02-01,1939.38,-0.00044324413474616797
2016-02-02,1903.03,-0.018743103466056232
2016-02-03,1912.53,0.004992039011471272
2016-02-04,1915.45,0.0015267734362336416
2016-02-05,1880.05,-0.018481296823200877
2016-02-08,1853.44,-0.014153878886199789
2016-02-09,1852.21,-0.0006636308701657434
2016-02-10,1851.86,-0.0001889634544679497
2016-02-11,1829.08,-0.01230114587495812
2016-02-12,1864.78,0.01951800905373191
2016-02-16,1895.58,0.01651669365823305
2016-02-17,1926.83,0.016485719410417987
2016-02-18,1917.83,-0.004670884302195866
2016-02-19,1917.78,-2.60711324778784e-05
2016-02-22,1945.5,0.01445421268341529
2016-02-23,1921.27,-0.012454381906964795
2016-02-24,1929.8,0.0044397716094042305
2016-02-25,1951.7,0.011348326251425123
2016-02-26,1948.05,-0.0018701644719988364
2016-02-29,1932.23,-0.008120941454274777
2016-03-01,1978.35,0.023868794087660294
2016-03-02,1986.45,0.00409432102509677
2016-03-03,1993.4,0.003498703717687457
2016-03-04,1999.99,0.0033059095013543427
2016-03-07,2001.76,0.0008850044250221512
2016-03-08,1979.26,-0.011240108704340224
2016-03-09,1989.27,0.0050574457120338145
2016-03-10,1989.57,0.00015080909077203053
2016-03-11,2022.19,0.016395502545776264
2016-03-14,2019.64,-0.0012610091039911842
2016-03-15,2015.93,-0.0018369610425620353
2016-03-16,2027.22,0.005600392870784177
2016-03-17,2040.59,0.0065952387999328455
2016-03-18,2049.58,0.004405588579773578
2016-03-21,2051.6,0.0009855677748611402
2016-03-22,2049.8,-0.0008773640085785184
2016-03-23,2036.71,-0.006385988876963622
2016-03-24,2035.94,-0.00037806069592627445
2016-03-28,2037.05,0.0005452027073489241
2016-03-29,2055.01,0.008816671166638201
2016-03-30,2063.95,0.004350343793947387
2016-03-31,2059.74,-0.0020397780953995692
2016-04-01,2072.78,0.006330896132521691
2016-04-04,2066.13,-0.0032082517199124583
2016-04-05,2045.17,-0.010144569799577008
2016-04-06,2066.66,0.010507683957812652
2016-04-07,2041.91,-0.011975845083371128
2016-04-08,2047.6,0.0027866066574921966
2016-04-11,2041.99,-0.002739792928306284
2016-04-12,2061.72,0.00966214330138726
2016-04-13,2082.42,0.010040160642570406
2016-04-14,2082.78,0.00017287578874580767
2016-04-15,2080.73,-0.00098426141983321
2016-04-18,2094.34,0.006540973600611455
2016-04-19,2100.8,0.0030845039487379378
2016-04-20,2102.4,0.0007616146230007281
2016-04-21,2091.48,-0.005194063926940662
2016-04-22,2091.58,4.7813031919918814e-05
2016-04-25,2087.79,-0.0018120272712495167
2016-04-26,2091.7,0.001872793719674748
2016-04-27,2095.15,0.001649376105560263
2016-04-28,2075.81,-0.00923084266043006
2016-04-29,2065.3,-0.00506308380824827
2016-05-02,2081.43,0.007810003389338016
2016-05-03,2063.37,-0.008676727057840061
2016-05-04,2051.12,-0.005936889651395494
2016-05-05,2050.63,-0.00023889387261577522
2016-05-06,2057.14,0.003174634136826171
2016-05-09,2058.69,0.0007534732687128898
2016-05-10,2084.39,0.012483666797817872
2016-05-11,2064.46,-0.0095615503816463
2016-05-12,2064.11,-0.00016953585925616466
2016-05-13,2046.61,-0.008478230326872227
2016-05-16,2066.66,0.009796688181920254
2016-05-17,2047.21,-0.009411320681679491
2016-05-18,2047.63,0.00020515726281145064
2016-05-19,2040.04,-0.0037067243593813526
2016-05-20,2052.32,0.006019489813925416
2016-05-23,2048.04,-0.002085444764948985
2016-05-24,2076.06,0.013681373410675546
2016-05-25,2090.54,0.006974750248066153
2016-05-26,2090.1,-0.0002104719354808493
2016-05-27,2099.06,0.004286876226017977
2016-05-31,2096.96,-0.0010004478195001498
2016-06-01,2099.33,0.001130207538531991
2016-06-02,2105.26,0.002824710741046177
2016-06-03,2099.13,-0.0029117543676315805
2016-06-06,2109.41,0.004897266962979874
2016-06-07,2112.13,0.0012894600859958416
2016-06-08,2119.12,0.003309455383901483
2016-06-09,2115.48,-0.0017176941371889187
2016-06-10,2096.07,-0.009175222644506098
2016-06-13,2079.06,-0.008115186992800894
2016-06-14,2075.32,-0.0017988898829277566
2016-06-15,2071.5,-0.0018406799915194894
2016-06-16,2077.99,0.0031329954139511784
2016-06-17,2071.22,-0.003257956005563112
2016-06-20,2083.25,0.005808171029634712
2016-06-21,2088.9,0.0027121084843393373
2016-06-22,2085.45,-0.001651586959643958
2016-06-23,2113.32,0.013364022153492305
2016-06-24,2037.41,-0.03591978498287063
2016-06-27,2000.54,-0.01809650487628911
2016-06-28,2036.09,0.01777020204544777
2016-06-29,2070.77,0.01703264590465059
2016-06-30,2098.86,0.013565002390415248
2016-07-01,2102.95,0.0019486769007937
2016-07-05,2088.55,-0.006847523716683512
2016-07-06,2099.73,0.005352996097771179
2016-07-07,2097.9,-0.0008715406266519565
2016-07-08,2129.9,0.015253348586681925
2016-07-11,2137.16,0.0034086107328981097
2016-07-12,2152.14,0.007009302064421963
2016-07-13,2152.43,0.00013474959807435738
2016-07-14,2163.75,0.005259172191430128
2016-07-15,2161.74,-0.0009289428076257877
2016-07-18,2166.89,0.0023823401519147414
2016-07-19,2163.78,-0.001435236675604079
2016-07-20,2173.02,0.004270304744474762
2016-07-21,2165.17,-0.0036124840084306165
2016-07-22,2175.03,0.004553914935085945
2016-07-25,2168.48,-0.0030114527155947757
2016-07-26,2169.18,0.0003228067586511507
2016-07-27,2166.58,-0.001198609612849011
2016-07-28,2170.06,0.0016062180948777094
2016-07-29,2173.6,0.0016312913007012764
2016-08-01,2170.84,-0.0012697828487301388
2016-08-02,2157.03,-0.006361592747507805
2016-08-03,2163.79,0.00313393879547319
2016-08-04,2164.25,0.00021258994634409945
2016-08-05,2182.87,0.008603442301027941
2016-08-08,2180.89,-0.0009070627201803738
2016-08-09,2181.74,0.0003897491391129382
2016-08-10,2175.49,-0.002864685984581117
2016-08-11,2185.79,0.0047345655461528136
2016-08-12,2184.05,-0.0007960508557545154
2016-08-15,2190.15,0.002792976351273957
2016-08-16,2178.15,-0.005479076775563363
2016-08-17,2182.22,0.001868558180106783
2016-08-18,2187.02,0.002199594907937863
2016-08-19,2183.87,-0.001440316046492529
2016-08-22,2182.64,-0.0005632203382069934
2016-08-23,2186.9,0.0019517648352453953
2016-08-24,2175.44,-0.005240294480771901
2016-08-25,2172.47,-0.001365241054683275
2016-08-26,2169.04,-0.0015788480393283955
2016-08-29,2180.38,0.005228119352340244
2016-08-30,2176.12,-0.0019537878718389745
2016-08-31,2170.95,-0.0023757880999210057
2016-09-01,2170.86,-4.145650521647504e-05
2016-09-02,2179.98,0.004201100024874949
2016-09-06,2186.48,0.002981678730997528
2016-09-07,2186.16,-0.00014635395704520882
2016-09-08,2181.3,-0.002223076078603392
2016-09-09,2127.81,-0.024522073992573334
2016-09-12,2159.04,0.014677062331693191
2016-09-13,2127.02,-0.014830665480954464
2016-09-14,2125.77,-0.0005876766556026647
2016-09-15,2147.26,0.01010927804983619
2016-09-16,2139.16,-0.0037722492851356426
2016-09-19,2139.12,-1.8698928551330596e-05
2016-09-20,2139.76,0.00029918845132592686
2016-09-21,2163.12,0.010917112199498868
2016-09-22,2177.18,0.006499870557343135
2016-09-23,2164.69,-0.005736778768866024
2016-09-26,2146.1,-0.00858783474770064
2016-09-27,2159.93,0.006444247705139627
2016-09-28,2171.37,0.005296467941090732
2016-09-29,2151.13,-0.00932130406149101
2016-09-30,2168.27,0.007967905240501505
2016-10-03,2161.2,-0.003260664031693561
2016-10-04,2150.49,-0.004955580233203749
2016-10-05,2159.73,0.004296695171798204
2016-10-06,2160.77,0.0004815416741907885
2016-10-07,2153.74,-0.0032534698278855467
2016-10-10,2163.66,0.004605941292820992
2016-10-11,2136.73,-0.012446502685264704
2016-10-12,2139.18,0.0011466118788989732
2016-10-13,2132.55,-0.0030993184304264343
2016-10-14,2132.98,0.00020163653841631657
2016-10-17,2126.5,-0.0030380031692749387
2016-10-18,2139.6,0.006160357394780158
2016-10-19,2144.29,0.0021919985043934442
2016-10-20,2141.34,-0.0013757467506726462
2016-10-21,2141.16,-8.405951413614776e-05
2016-10-24,2151.33,0.004749761811354558
2016-10-25,2143.16,-0.0037976507555791406
2016-10-26,2139.43,-0.0017404206872095873
2016-10-27,2133.04,-0.0029867768517781723
2016-10-28,2126.41,-0.003108239882983921
2016-10-31,2126.15,-0.00012227181023405365
2016-11-01,2111.72,-0.006786915316417175
2016-11-02,2097.94,-0.00652548633341532
2016-11-03,2088.66,-0.0044233867508127744
2016-11-04,2085.18,-0.0016661400132141901
2016-11-07,2131.52,0.022223501088635134
2016-11-08,2139.56,0.003771956162738288
2016-11-09,2163.26,0.011077043878180648
2016-11-10,2167.48,0.0019507595018628532
2016-11-11,2164.45,-0.0013979367745031723
2016-11-14,2164.2,-0.00011550278361704969
2016-11-15,2180.39,0.007480824323075508
2016-11-16,2176.94,-0.0015822857378724464
2016-11-17,2187.12,0.004676288735564471
2016-11-18,2181.9,-0.002386700318226631
2016-11-21,2198.18,0.007461386864659136
2016-11-22,2202.94,0.0021654277629676866
2016-11-23,2204.72,0.0008080111124224576
2016-11-25,2213.35,0.003914329257229898
2016-11-28,2201.72,-0.005254478505433036
2016-11-29,2204.66,0.00133531965917566
2016-11-30,2198.81,-0.0026534703763845258
2016-12-01,2191.08,-0.0035155379500729778
2016-12-02,2191.95,0.0003970644613615626
2016-12-05,2204.71,0.005821300668354734
2016-12-06,2212.23,0.0034108794353906458
2016-12-07,2241.35,0.013163188276083426
2016-12-08,2246.19,0.002159412853860454
2016-12-09,2259.53,0.005938945503274562
2016-12-12,2256.96,-0.0011374046815045835
2016-12-13,2271.72,0.006539770310506121
2016-12-14,2253.28,-0.008117197541950394
2016-12-15,2262.03,0.003883228005396644
2016-12-16,2258.07,-0.0017506399119374683
2016-12-19,2262.53,0.001975138060378967
2016-12-20,2270.76,0.0036375208284531446
2016-12-21,2265.18,-0.002457327062305281
2016-12-22,2260.96,-0.00186298660592088
2016-12-23,2263.79,0.0012516807020026555
2016-12-27,2268.88,0.002248441772426002
2016-12-28,2249.92,-0.00835654596100277
2016-12-29,2249.26,-0.00029334376333378653
2016-12-30,2238.83,-0.004637080639855018
2017-01-03,2257.83,0.008486575577422162
2017-01-04,2270.75,0.00572230858833489
2017-01-05,2269.0,-0.0007706704833204681
2017-01-06,2276.98,0.00351696782723665
2017-01-09,2268.9,-0.0035485599346501973
2017-01-10,2268.9,0.0
2017-01-11,2275.32,0.002829564987438804
2017-01-12,2270.44,-0.002144753265474808
2017-01-13,2274.64,0.0018498617008155804
2017-01-17,2267.89,-0.0029675025498540064
2017-01-18,2271.89,0.0017637539739581154
2017-01-19,2263.69,-0.0036093296770529637
2017-01-20,2271.31,0.003366185299223723
2017-01-23,2265.2,-0.0026900775323491777
2017-01-24,2280.07,0.006564541762317022
2017-01-25,2298.37,0.008026069375062894
2017-01-26,2296.68,-0.0007353037152416642
2017-01-27,2294.69,-0.000866468119198105
2017-01-30,2280.9,-0.006009526341248739
2017-01-31,2278.87,-0.0008899995615766487
2017-02-01,2279.55,0.00029839350204285964
2017-02-02,2280.85,0.0005702879954376794
2017-02-03,2297.42,0.007264835478001608
2017-02-06,2292.56,-0.002115416423640437
2017-02-07,2293.08,0.00022682067208701362
2017-02-08,2294.67,0.0006933905489561187
2017-02-09,2307.87,0.0057524611382027135
2017-02-10,2316.1,0.0035660587468098193
2017-02-13,2328.25,0.005245887483269263
2017-02-14,2337.58,0.004007301621389514
2017-02-15,2349.25,0.004992342508064018
2017-02-16,2347.22,-0.0008641055656061214
2017-02-17,2351.16,0.0016785814708464297
2017-02-21,2365.38,0.00604807839534538
2017-02-22,2362.82,-0.0010822785345272479
2017-02-23,2363.81,0.00041899086684549225
2017-02-24,2367.34,0.001493351834538359
2017-02-27,2369.75,0.001018020225231675
2017-02-28,2363.64,-0.0025783310475788745
2017-03-01,2395.96,0.013673825117192173
2017-03-02,2381.92,-0.0058598641045760624
2017-03-03,2383.12,0.0005037952576072424
2017-03-06,2375.31,-0.0032772164221692712
2017-03-07,2368.39,-0.0029133039476952893
2017-03-08,2362.98,-0.0022842521713062336
2017-03-09,2364.87,0.0007998374933346764
2017-03-10,2372.6,0.0032686786165836423
2017-03-13,2373.47,0.00036668633566550035
2017-03-14,2365.45,-0.0033790189048102937
2017-03-15,2385.26,0.008374727853051489
2017-03-16,2381.38,-0.001626657052061442
2017-03-17,2378.25,-0.0013143639402364293
2017-03-20,2373.47,-0.00200988121517931
2017-03-21,2344.02,-0.012407993359932812
2017-03-22,2348.45,0.0018899156150544716
2017-03-23,2345.96,-0.0010602737976110888
2017-03-24,2343.98,-0.0008440041603438031
2017-03-27,2341.59,-0.0010196332733214408
2017-03-28,2358.57,0.007251482966702083
2017-03-29,2361.13,0.0010854034436120763
2017-03-30,2368.06,0.0029350353432466836
2017-03-31,2362.72,-0.002255010430479043
2017-04-03,2358.84,-0.0016421751202002621
2017-04-04,2360.16,0.0005595970900948988
2017-04-05,2352.95,-0.0030548776354145657
2017-04-06,2357.49,0.0019294927644020188
2017-04-07,2355.54,-0.0008271509105022279
2017-04-10,2357.16,0.0006877403907383783
2017-04-11,2353.78,-0.0014339289653649834
2017-04-12,2344.93,-0.0037599095922304926
2017-04-13,2328.95,-0.006814702357852864
2017-04-17,2349.01,0.008613323600764389
2017-04-18,2342.19,-0.0029033507733046138
2017-04-19,2338.17,-0.0017163423974997372
2017-04-20,2355.84,0.007557192163101911
2017-04-21,2348.7,-0.0030307660961697014
2017-04-24,2374.15,0.010835781496146835
2017-04-25,2388.62,0.0060948128803992585
2017-04-26,2387.45,-0.0004898225753783292
2017-04-27,2388.77,0.0005528911600243269
2017-04-28,2384.2,-0.0019131184668260692
2017-05-01,2388.33,0.00173223722842053
2017-05-02,2391.17,0.001189115406999841
2017-05-03,2388.14,-0.0012671621005617695
2017-05-04,2389.52,0.0005778555696065446
2017-05-05,2399.29,0.004088687267735702
2017-05-08,2399.38,3.751109703298283e-05
2017-05-09,2396.92,-0.0010252648600889147
2017-05-10,2399.63,0.0011306176259533451
2017-05-11,2394.44,-0.002162833436821554
2017-05-12,2390.9,-0.0014784250179582514
2017-05-15,2402.32,0.004776444016897363
2017-05-16,2400.67,-0.0006868360584768585
2017-05-17,2357.03,-0.01817825856948263
2017-05-18,2365.72,0.0036868431882495223
2017-05-19,2381.73,0.00676749573068669
2017-05-22,2394.02,0.005160114706536767
2017-05-23,2398.42,0.0018379127993919386
2017-05-24,2404.39,0.0024891386829661855
2017-05-25,2415.07,0.004441875070184231
2017-05-26,2415.82,0.0003105500047617671
2017-05-30,2412.91,-0.0012045599423798903
2017-05-31,2411.8,-0.00046002544645251664
2017-06-01,2430.06,0.007571108715482167
2017-06-02,2439.07,0.003707727381216941
2017-06-05,2436.1,-0.0012176772294358873
2017-06-06,2429.33,-0.0027790320594393014
2017-06-07,2433.14,0.001568333655781684
2017-06-08,2433.79,0.0002671445128517025
2017-06-09,2431.77,-0.0008299812227020587
2017-06-12,2429.39,-0.000978710980068076
2017-06-13,2440.35,0.004511420562363311
2017-06-14,2437.92,-0.0009957588050893973
2017-06-15,2432.46,-0.002239614097263254
2017-06-16,2433.15,0.00028366345181418673
2017-06-19,2453.46,0.00834720424141544
2017-06-20,2437.03,-0.006696665117833511
2017-06-21,2435.61,-0.0005826764545369123
2017-06-22,2434.5,-0.00045573798760889517
2017-06-23,2438.3,0.0015608954610804027
2017-06-26,2439.07,0.00031579379075585834
2017-06-27,2419.38,-0.008072749039592986
2017-06-28,2440.69,0.0088080417296994
2017-06-29,2419.7,-0.008600027041533398
2017-06-30,2423.41,0.0015332479232963436
2017-07-03,2429.01,0.0023107934687074394
2017-07-05,2432.54,0.0014532669688471778
2017-07-06,2409.75,-0.00936880791271677
2017-07-07,2425.18,0.006403153854134258
2017-07-10,2427.43,0.0009277661864273146
2017-07-11,2425.53,-0.0007827208199616686
2017-07-12,2443.25,0.007305619802682184
2017-07-13,2447.83,0.00187455233807432
2017-07-14,2459.27,0.0046735271648765675
2017-07-17,2459.14,-5.286121491343554e-05
2017-07-18,2460.61,0.0005977699520971491
2017-07-19,2473.83,0.0053726514969865136
2017-07-20,2473.45,-0.00015360796821128897
2017-07-21,2472.54,-0.0003679071741898854
2017-07-24,2469.91,-0.0010636834995592093
2017-07-25,2477.13,0.002923183435833865
2017-07-26,2477.83,0.0002825850883885206
2017-07-27,2475.42,-0.0009726252406339064
2017-07-28,2472.1,-0.0013411865461215866
2017-07-31,2470.3,-0.0007281258848751415
2017-08-01,2476.35,0.002449095251588762
2017-08-02,2477.57,0.0004926605689827834
2017-08-03,2472.16,-0.0021835911800677232
2017-08-04,2476.83,0.0018890363083294837
2017-08-07,2480.91,0.001647266869345021
2017-08-08,2474.92,-0.002414436638168982
2017-08-09,2474.02,-0.0003636481179190021
2017-08-10,2438.21,-0.01447441815345063
2017-08-11,2441.32,0.0012755258980974293
2017-08-14,2465.84,0.01004374682548792
2017-08-15,2464.61,-0.0004988158193557357
2017-08-16,2468.11,0.0014201029777529683
2017-08-17,2430.01,-0.015436913265616137
2017-08-18,2425.55,-0.0018353833934839914
2017-08-21,2428.37,0.0011626229102676966
2017-08-22,2452.51,0.009940824503679613
2017-08-23,2444.04,-0.003453604674394928
2017-08-24,2438.97,-0.002074434133647607
2017-08-25,2443.05,0.0016728373042720346
2017-08-28,2444.24,0.00048709604797259054
2017-08-29,2446.3,0.0008427977612674997
2017-08-30,2457.59,0.004615133058087695
2017-08-31,2471.65,0.005721051924853171
2017-09-01,2476.55,0.0019824813383773066
2017-09-05,2457.85,-0.007550826754961659
2017-09-06,2465.54,0.003128750737433128
2017-09-07,2465.1,-0.00017845989113951521
2017-09-08,2461.43,-0.001488783416494277
2017-09-11,2488.11,0.01083922760346634
2017-09-12,2496.48,0.003363999180100441
2017-09-13,2498.37,0.0007570659488558285
2017-09-14,2495.62,-0.0011007176679195263
2017-09-15,2500.23,0.0018472363580994688
2017-09-18,2503.87,0.0014558660603223306
2017-09-19,2506.65,0.0011102812845715793
2017-09-20,2508.24,0.0006343127281429606
2017-09-21,2500.6,-0.003045960514145296
2017-09-22,2502.22,0.0006478445173156988
2017-09-25,2496.66,-0.002222026840165925
2017-09-26,2496.84,7.209632068461147e-05
2017-09-27,2507.04,0.004085163646849521
2017-09-28,2510.06,0.0012046078243665992
2017-09-29,2519.36,0.0037050907149631662
2017-10-02,2529.12,0.0038739997459671383
2017-10-03,2534.58,0.002158853672423522
2017-10-04,2537.74,0.0012467548864110167
2017-10-05,2552.07,0.005646756562926125
2017-10-06,2549.33,-0.0010736382622734686
2017-10-09,2544.73,-0.001804395664743219
2017-10-10,2550.64,0.002322446782173193
2017-10-11,2555.24,0.001803468933287311
2017-10-12,2550.93,-0.0016867300136190755
2017-10-13,2553.17,0.0008781111202582625
2017-10-16,2557.64,0.0017507647356032052
2017-10-17,2559.36,0.0006724949562879612
2017-10-18,2561.26,0.0007423730932734074
2017-10-19,2562.1,0.0003279635804251946
2017-10-20,2575.21,0.005116896296007312
2017-10-23,2564.98,-0.0039724915637947555
2017-10-24,2569.13,0.0016179463387628878
2017-10-25,2557.15,-0.004663057143858063
2017-10-26,2560.4,0.0012709461705413538
2017-10-27,2581.07,0.008072957350414134
2017-10-30,2572.83,-0.0031924744388955872
2017-10-31,2575.26,0.0009444852555358096
2017-11-01,2579.36,0.001592072256781707
2017-11-02,2579.85,0.00018996960486306058
2017-11-03,2587.84,0.0030970792875555375
2017-11-06,2591.13,0.0012713305304810074
2017-11-07,2590.64,-0.00018910668318461443
2017-11-08,2594.38,0.0014436587098169973
2017-11-09,2584.62,-0.003761977813581785
2017-11-10,2582.3,-0.0008976174447306029
2017-11-13,2584.84,0.0009836192541532451
2017-11-14,2578.87,-0.002309620711533511
2017-11-15,2564.62,-0.005525675974360822
2017-11-16,2585.64,0.008196146017733552
2017-11-17,2578.85,-0.0026260422951377427
2017-11-20,2582.14,0.001275762452255913
2017-11-21,2599.03,0.006541086075890767
2017-11-22,2597.08,-0.0007502799121211767
2017-11-24,2602.42,0.002056155374497548
2017-11-27,2601.42,-0.0003842577293442506
2017-11-28,2627.04,0.00984846737551015
2017-11-29,2626.07,-0.00036923685973555553
2017-11-30,2647.58,0.008190946928299692
2017-12-01,2642.22,-0.00202449028924534
2017-12-04,2639.44,-0.0010521455442770167
2017-12-05,2629.57,-0.003739429575970621
2017-12-06,2629.27,-0.00011408709408766704
2017-12-07,2636.98,0.0029323728639507607
2017-12-08,2651.5,0.005506298872194781
2017-12-11,2659.99,0.0032019611540636816
2017-12-12,2664.11,0.0015488780033008354
2017-12-13,2662.85,-0.0004729534441145766
2017-12-14,2652.01,-0.004070826370242253
2017-12-15,2675.81,0.008974325134520456
2017-12-18,2690.16,0.005362862086620401
2017-12-19,2681.47,-0.003230291135099761
2017-12-20,2679.25,-0.0008279040973793172
2017-12-21,2684.57,0.0019856303069889503
2017-12-22,2683.34,-0.0004581739347455649
2017-12-26,2680.5,-0.0010583824636460903
2017-12-27,2682.62,0.00079089722066783
2017-12-28,2687.54,0.0018340279279212002
2017-12-29,2673.61,-0.005183178668968558
2018-01-02,2695.81,0.008303380074131894
2018-01-03,2713.06,0.006398818907860759
2018-01-04,2723.99,0.004028661363921104
2018-01-05,2743.15,0.007033799683552555
2018-01-08,2747.71,0.0016623225124401397
2018-01-09,2751.29,0.0013029031448006378
2018-01-10,2748.23,-0.0011122055472160275
2018-01-11,2767.56,0.007033618001404562
2018-01-12,2786.24,0.006749627831013516
2018-01-16,2776.42,-0.0035244630756861017
2018-01-17,2802.56,0.009415002053003496
2018-01-18,2798.03,-0.001616379310344751
2018-01-19,2810.3,0.004385228178396927
2018-01-22,2832.97,0.008066754439027823
2018-01-23,2839.13,0.002174396481431362
2018-01-24,2837.54,-0.0005600307136341964
2018-01-25,2839.25,0.0006026346765155566
2018-01-26,2872.87,0.011841155234656897
2018-01-29,2853.53,-0.006731944014173874
2018-01-30,2822.43,-0.010898781509218525
2018-01-31,2823.81,0.0004889403811609849
2018-02-01,2821.98,-0.0006480605989779287
2018-02-02,2762.13,-0.021208513171602883
2018-02-05,2648.94,-0.040979244278871785
2018-02-06,2695.14,0.017440938639606607
2018-02-07,2681.66,-0.0050015954644285765
2018-02-08,2581.0,-0.037536451302551344
2018-02-09,2619.55,0.014936071290197583
2018-02-12,2656.0,0.013914603653299107
2018-02-13,2662.94,0.0026129518072288693
2018-02-14,2698.63,0.013402479965752168
2018-02-15,2731.2,0.0120690869070601
2018-02-16,2732.22,0.0003734622144111466
2018-02-20,2716.26,-0.005841403693699454
2018-02-21,2701.33,-0.00549652831466807
2018-02-22,2703.96,0.0009735944886408721
2018-02-23,2747.3,0.016028343614550522
2018-02-26,2779.6,0.011756997779638123
2018-02-27,2744.28,-0.012706864297021059
2018-02-28,2713.83,-0.011095806550352139
2018-03-01,2677.67,-0.013324342350110263
2018-03-02,2691.25,0.005071573420174946
2018-03-05,2720.94,0.011032048304691067
2018-03-06,2728.12,0.0026387939462098053
2018-03-07,2726.8,-0.00048384968403136774
2018-03-08,2738.97,0.00446310693853591
2018-03-09,2786.57,0.017378795678667736
2018-03-12,2783.02,-0.001273967637633433
2018-03-13,2765.31,-0.00636359063175973
2018-03-14,2749.48,-0.005724493818052956
2018-03-15,2747.33,-0.0007819660444884358
2018-03-16,2752.01,0.0017034720983646334
2018-03-19,2712.92,-0.014204163502312905
2018-03-20,2716.94,0.001481798210046792
2018-03-21,2711.93,-0.001843986249236318
2018-03-22,2643.69,-0.02516289137256489
2018-03-23,2588.26,-0.020966906104724736
2018-03-26,2658.55,0.0271572407717926
2018-03-27,2612.62,-0.017276334844182117
2018-03-28,2605.0,-0.0029166124426820428
2018-03-29,2640.87,0.01376967370441462
2018-04-02,2581.88,-0.02233733580221664
2018-04-03,2614.45,0.01261483879963432
2018-04-04,2644.69,0.011566486259060316
2018-04-05,2662.84,0.00686280811739759
2018-04-06,2604.47,-0.02192020549488527
2018-04-09,2613.16,0.003336571356168383
2018-04-10,2656.87,0.01672687474169199
2018-04-11,2642.19,-0.005525298565605352
2018-04-12,2663.99,0.008250731400845313
2018-04-13,2656.3,-0.0028866474724003055
2018-04-16,2677.84,0.008109023830139561
2018-04-17,2706.39,0.01066157798822931
2018-04-18,2708.64,0.0008313657676830566
2018-04-19,2693.13,-0.005726120857699746
2018-04-20,2670.14,-0.008536535555283331
2018-04-23,2670.29,5.617682967939963e-05
2018-04-24,2634.56,-0.01338056915166519
2018-04-25,2639.4,0.0018371189116968
2018-04-26,2666.94,0.01043418958854292
2018-04-27,2669.91,0.0011136358523251566
2018-04-30,2648.05,-0.008187541902161422
2018-05-01,2654.8,0.0025490455240648746
2018-05-02,2635.67,-0.007205815880669042
2018-05-03,2629.73,-0.0022536964035709817
2018-05-04,2663.42,0.012811201149927953
2018-05-07,2672.63,0.003457960066380883
2018-05-08,2671.92,-0.0002656559269333947
2018-05-09,2697.79,0.009682176113057217
2018-05-10,2723.07,0.009370632999603501
2018-05-11,2727.72,0.0017076314600799058
2018-05-14,2730.13,0.0008835217690965624
2018-05-15,2711.45,-0.006842165025108815
2018-05-16,2722.46,0.004060558004020054
2018-05-17,2720.13,-0.000855843612027285
2018-05-18,2712.97,-0.002632227136203147
2018-05-21,2733.01,0.007386738519040259
2018-05-22,2724.44,-0.0031357367883761977
2018-05-23,2733.29,0.003248373977771557
2018-05-24,2727.76,-0.002023202806873625
2018-05-25,2721.33,-0.002357245505469785
2018-05-29,2689.86,-0.011564198388288038
2018-05-30,2724.01,0.01269582803565994
2018-05-31,2705.27,-0.006879563584568427
2018-06-01,2734.62,0.01084919435028664
2018-06-04,2746.87,0.0044795986279628774
2018-06-05,2748.8,0.0007026178887243884
2018-06-06,2772.35,0.00856737485448189
2018-06-07,2770.37,-0.0007141955380813858
2018-06-08,2779.03,0.0031259362467830343
2018-06-11,2782.0,0.0010687182218256375
2018-06-12,2786.85,0.0017433501078361058
2018-06-13,2775.63,-0.004026050917702695
2018-06-14,2782.49,0.002471510972283708
2018-06-15,2779.66,-0.0010170746345898873
2018-06-18,2773.75,-0.0021261593144484836
2018-06-19,2762.59,-0.004023433979269853
2018-06-20,2767.32,0.0017121614137458607
2018-06-21,2749.76,-0.006345489498865264
2018-06-22,2754.88,0.0018619806819504259
2018-06-25,2717.07,-0.013724735741665661
2018-06-26,2723.06,0.0022045806696182613
2018-06-27,2699.63,-0.008604290761129008
2018-06-28,2716.31,0.006178624478169192
2018-06-29,2718.37,0.0007583817752760957
2018-07-02,2726.71,0.0030680150237090142
2018-07-03,2713.22,-0.00494735413740377
2018-07-05,2736.61,0.00862075320099387
2018-07-06,2759.82,0.008481296202235589
2018-07-09,2784.17,0.008823039183714743
2018-07-10,2793.84,0.0034732074550045677
2018-07-11,2774.02,-0.007094178621538827
2018-07-12,2798.29,0.008749035695488905
2018-07-13,2801.31,0.0010792305300737493
2018-07-16,2798.43,-0.001028090429120665
2018-07-17,2809.55,0.00397365665748306
2018-07-18,2815.62,0.0021604883344306103
2018-07-19,2804.49,-0.003952948196134454
2018-07-20,2801.83,-0.0009484790461010695
2018-07-23,2806.98,0.00183808439484201
2018-07-24,2820.4,0.004780938945058377
2018-07-25,2846.07,0.009101545880016992
2018-07-26,2837.44,-0.003032251490652005
2018-07-27,2818.82,-0.006562253298748155
2018-07-30,2802.6,-0.005754180827438504
2018-07-31,2816.29,0.00488474987511589
2018-08-01,2813.37,-0.001036825042875611
2018-08-02,2827.22,0.004922921620689635
2018-08-03,2840.35,0.0046441380578801095
2018-08-06,2850.4,0.0035382963367192044
2018-08-07,2858.45,0.002824165029469361
2018-08-08,2857.7,-0.00026237996116773576
2018-08-09,2853.58,-0.001441718864821362
2018-08-10,2833.28,-0.0071138709971333425
2018-08-13,2821.93,-0.004005957759204981
2018-08-14,2839.96,0.00638924424064391
2018-08-15,2818.37,-0.00760221974957398
2018-08-16,2840.69,0.007919471183698512
2018-08-17,2850.13,0.0033231362802699227
2018-08-20,2857.05,0.002427959426412052
2018-08-21,2862.96,0.0020685672284348477
2018-08-22,2861.82,-0.0003981892866123937
2018-08-23,2856.98,-0.001691231454109654
2018-08-24,2874.69,0.0061988533346399866
2018-08-27,2896.74,0.007670392285776817
2018-08-28,2897.52,0.0002692682118519141
2018-08-29,2914.04,0.005701427427593275
2018-08-30,2901.13,-0.004430275493816138
2018-08-31,2901.52,0.00013443037712890238
2018-09-04,2896.72,-0.001654305329620409
2018-09-05,2888.6,-0.002803170482476691
2018-09-06,2878.05,-0.0036522883057535926
2018-09-07,2871.68,-0.0022133041469051262
2018-09-10,2877.13,0.001897843770893859
2018-09-11,2887.89,0.0037398379635260603
2018-09-12,2888.92,0.00035666178420923345
2018-09-13,2904.18,0.005282250806529776
2018-09-14,2904.98,0.00027546501938591206
2018-09-17,2888.8,-0.005569745746958565
2018-09-18,2904.31,0.005369011354195541
2018-09-19,2907.95,0.00125330973621951
2018-09-20,2930.75,0.007840574975498171
2018-09-21,2929.67,-0.00036850635502849727
2018-09-24,2919.37,-0.0035157543341060027
2018-09-25,2915.56,-0.0013050760951849316
2018-09-26,2905.97,-0.00328924803468289
2018-09-27,2914.0,0.0027632769780832067
2018-09-28,2913.98,-6.863417982172493e-06
2018-10-01,2924.59,0.0036410682297065566
2018-10-02,2923.43,-0.00039663679353352244
2018-10-03,2925.51,0.0007114930065028613
2018-10-04,2901.61,-0.008169515742554312
2018-10-05,2885.57,-0.005527965508803745
2018-10-08,2884.43,-0.00039506925841348295
2018-10-09,2880.34,-0.0014179577940874877
2018-10-10,2785.68,-0.032864175757028824
2018-10-11,2728.37,-0.020573073719881707
2018-10-12,2767.13,0.014206284338267983
2018-10-15,2750.79,-0.005905035180855278
2018-10-16,2809.92,0.021495643069809
2018-10-17,2809.21,-0.0002526762327753618
2018-10-18,2768.78,-0.014391946490294405
2018-10-19,2767.78,-0.00036116990154511086
2018-10-22,2755.88,-0.0042994746692295305
2018-10-23,2740.69,-0.00551185102399232
2018-10-24,2656.1,-0.030864490329077787
2018-10-25,2705.57,0.018625051767629408
2018-10-26,2658.69,-0.01732721755489608
2018-10-29,2641.25,-0.006559621467715271
2018-10-30,2682.63,0.015666824420255576
2018-10-31,2711.74,0.010851291456518197
2018-11-01,2740.37,0.0105577968389301
2018-11-02,2723.06,-0.006316665267828814
2018-11-05,2738.31,0.005600317290107348
2018-11-06,2755.45,0.006259335137365651
2018-11-07,2813.89,0.02120887695294771
2018-11-08,2806.83,-0.0025089822274502183
2018-11-09,2781.01,-0.009198989607493102
2018-11-12,2726.22,-0.019701475363267495
2018-11-13,2722.18,-0.001481905348797996
2018-11-14,2701.58,-0.007567464311691308
2018-11-15,2730.2,0.010593800664796094
2018-11-16,2736.27,0.0022232803457622463
2018-11-19,2690.73,-0.016643094431470606
2018-11-20,2641.89,-0.018151208036480848
2018-11-21,2649.93,0.00304327583661701
2018-11-23,2632.56,-0.006554890129173208
2018-11-26,2673.45,0.015532409517731827
2018-11-27,2682.17,0.003261703042884756
2018-11-28,2743.79,0.02297393528374414
2018-11-29,2737.76,-0.0021976900564546487
2018-11-30,2760.17,0.00818552393197347
2018-12-03,2790.37,0.010941355061463431
2018-12-04,2700.06,-0.03236488351007216
2018-12-06,2695.95,-0.0015221883958135285
2018-12-07,2633.08,-0.02332016543333515
2018-12-10,2637.72,0.001762194844060927
2018-12-11,2636.78,-0.00035636837875119287
2018-12-12,2651.07,0.005419488922094429
2018-12-13,2650.54,-0.00019991927787654795
2018-12-14,2599.95,-0.019086676677205427
2018-12-17,2545.94,-0.020773476413007863
2018-12-18,2546.16,8.641209140813899e-05
2018-12-19,2506.96,-0.015395733182517968
2018-12-20,2467.42,-0.015772090500047797
2018-12-21,2416.62,-0.020588306814405377
2018-12-24,2351.1,-0.02711224768478282
2018-12-26,2467.7,0.049593807154098
2018-12-27,2488.83,0.008562629168861635
2018-12-28,2485.74,-0.0012415472330372657
2018-12-31,2506.85,0.008492440882795549
2019-01-02,2510.03,0.0012685242435728217
2019-01-03,2447.89,-0.02475667621502542
2019-01-04,2531.94,0.0343356931888279
2019-01-07,2549.69,0.00701043468644591
2019-01-08,2574.41,0.009695296290921585
2019-01-09,2584.96,0.0040980263439003295
2019-01-10,2596.64,0.004518445159692908
2019-01-11,2596.26,-0.00014634296629478794
2019-01-14,2582.61,-0.005257562801876614
2019-01-15,2610.3,0.010721711756711327
2019-01-16,2616.1,0.002221966823736654
2019-01-17,2635.96,0.007591452926111408
2019-01-18,2670.71,0.013183052853609212
2019-01-22,2632.9,-0.014157284018107563
2019-01-23,2638.7,0.0022028941471379238
2019-01-24,2642.33,0.001375677416909804
2019-01-25,2664.76,0.0084887201825663
2019-01-28,2643.85,-0.0078468605052614
2019-01-29,2640.0,-0.001456209694195909
2019-01-30,2681.05,0.015549242424242493
2019-01-31,2704.1,0.008597377892989533
2019-02-01,2706.53,0.000898635405495396
2019-02-04,2724.87,0.006776204217207926
2019-02-05,2737.7,0.004708481505539597
2019-02-06,2731.62,-0.0022208423128903254
2019-02-07,2706.05,-0.009360745638119394
2019-02-08,2707.88,0.0006762624489569102
2019-02-11,2709.8,0.0007090417596054
2019-02-12,2744.73,0.012890250202966858
2019-02-13,2753.03,0.003023976857468691
2019-02-14,2745.73,-0.0026516238471793185
2019-02-15,2775.6,0.010878709851296353
2019-02-19,2779.76,0.0014987750396311394
2019-02-20,2784.7,0.0017771318387196366
2019-02-21,2774.88,-0.003526412180845262
2019-02-22,2792.67,0.006411088047050706
2019-02-25,2796.11,0.0012317960947767492
2019-02-26,2793.9,-0.0007903837831845228
2019-02-27,2792.38,-0.0005440423780378456
2019-02-28,2784.49,-0.0028255466662847617
2019-03-01,2803.69,0.0068953381050032014
2019-03-04,2792.81,-0.0038806002090102654
2019-03-05,2789.65,-0.0011314768996100177
2019-03-06,2771.45,-0.0065241159285216455
2019-03-07,2748.93,-0.008125710368218741
2019-03-08,2743.07,-0.0021317385309919112
2019-03-11,2783.3,0.014666049353461608
2019-03-12,2791.52,0.0029533287823806376
2019-03-13,2810.92,0.006949618845646821
2019-03-14,2808.48,-0.0008680432029370966
2019-03-15,2822.48,0.004984902865607044
2019-03-18,2832.94,0.0037059607153993035
2019-03-19,2832.57,-0.0001306063665308388
2019-03-20,2824.23,-0.0029443226469249018
2019-03-21,2854.88,0.010852515552911779
2019-03-22,2800.71,-0.018974527826038257
2019-03-25,2798.36,-0.0008390729493592541
2019-03-26,2818.46,0.007182778484540853
2019-03-27,2805.37,-0.004644380264399728
2019-03-28,2815.44,0.0035895443381801506
2019-03-29,2834.4,0.006734293751598397
2019-04-01,2867.19,0.01156858594411525
2019-04-02,2867.24,1.7438676892522764e-05
2019-04-03,2873.4,0.0021484075277968806
2019-04-04,2879.39,0.0020846384074615365
2019-04-05,2892.74,0.004636398681665099
2019-04-08,2895.77,0.0010474498226595852
2019-04-09,2878.2,-0.0060674708281390766
2019-04-10,2888.21,0.0034778681120144483
2019-04-11,2888.32,3.808587325715429e-05
2019-04-12,2907.41,0.006609378462220095
2019-04-15,2905.58,-0.0006294261903205811
2019-04-16,2907.06,0.000509364739569973
2019-04-17,2900.45,-0.002273774879087531
2019-04-18,2905.03,0.0015790653174507785
2019-04-22,2907.97,0.001012037741434657
2019-04-23,2933.68,0.008841219132246891
